package_name,release,cbo,wmc,dit,rfc,lcom,tcc,lcc,nosi,loc
org_hibernate_ejb_criteria,4.2.3.Final,8.836538461538462,11.259615384615385,4.653846153846154,7.519230769230769,149.84615384615384,0.16014292395500002,0.19985660149346154,1.0865384615384615,46.92307692307692
org_hibernate_ejb_criteria_expression_function,4.2.3.Final,7.0,6.9,6.0,6.3,4.8,0.365685431,0.408008651,0.2,35.2
org_hibernate_ejb_internal,4.2.3.Final,4.5,13.5,1.0,6.0,39.0,0.5,0.5,0.0,40.0
org_hibernate_envers_configuration_metadata_reader,4.2.3.Final,5.846153846153846,15.384615384615385,1.1538461538461537,11.153846153846153,45.46153846153846,0.2846003484615385,0.40178961153846154,0.15384615384615385,60.0
org_hibernate_envers_entities_mapper,4.2.3.Final,6.934426229508197,9.836065573770492,1.5901639344262295,9.98360655737705,6.655737704918033,0.44030987819672135,0.5274019201639344,0.09836065573770492,38.60655737704918
org_hibernate_envers_entities_mapper_relation,4.2.3.Final,6.739130434782608,8.630434782608695,1.6521739130434783,9.782608695652174,6.413043478260869,0.46181126565217395,0.5622925343478261,0.13043478260869565,36.28260869565217
org_hibernate_envers_entities_mapper_relation_lazy,4.2.3.Final,6.333333333333333,12.6,1.8,11.133333333333333,6.733333333333333,0.5663462579999998,0.6170285113333333,0.0,49.13333333333333
org_hibernate_envers_entities_mapper_relation_lazy_proxy,4.2.3.Final,4.166666666666667,14.166666666666666,1.5,12.5,15.833333333333334,0.39831522,0.39831522,0.0,56.166666666666664
org_hibernate_envers_event,4.2.3.Final,8.6,7.2,2.0,15.5,4.0,0.05,0.05,0.0,26.5
org_hibernate_envers_reader,4.2.3.Final,8.75,16.0,1.0,20.75,11.25,0.538429415,0.6535087675,0.0,72.0
org_hibernate_envers_synchronization_work,4.2.3.Final,8.818181818181818,11.727272727272727,1.5454545454545454,10.363636363636363,23.545454545454547,0.27408450145454544,0.35424121690909094,0.45454545454545453,46.90909090909091
org_hibernate_envers_tools_query,4.2.3.Final,5.0,26.333333333333332,1.0,22.666666666666668,41.0,0.27076649333333336,0.47999108,0.0,110.0
org_hibernate_service_jdbc_connections_internal,4.2.3.Final,6.0,17.5,1.0,19.5,38.5,0.05357143,0.05357143,0.5,60.5
org_hibernate_service_jndi,4.2.3.Final,3.6666666666666665,10.333333333333334,1.0,8.333333333333334,13.0,0.0,0.0,0.0,48.333333333333336
org_hibernate_service_jta_platform_internal,4.2.3.Final,5.391304347826087,6.086956521739131,1.6521739130434783,4.913043478260869,12.26086956521739,0.1608411495652174,0.17561807339130436,0.391304347826087,33.0
org_hibernate_ejb_criteria,4.2.4.Final,8.836538461538462,11.259615384615385,4.653846153846154,7.519230769230769,149.84615384615384,0.16014292395500002,0.19985660149346154,1.0865384615384615,46.92307692307692
org_hibernate_ejb_criteria_expression_function,4.2.4.Final,7.0,6.9,6.0,6.3,4.8,0.365685431,0.408008651,0.2,35.2
org_hibernate_ejb_internal,4.2.4.Final,4.5,13.5,1.0,6.0,39.0,0.5,0.5,0.0,40.0
org_hibernate_envers_configuration_metadata_reader,4.2.4.Final,5.846153846153846,15.384615384615385,1.1538461538461537,11.153846153846153,45.46153846153846,0.2846003484615385,0.40178961153846154,0.15384615384615385,60.0
org_hibernate_envers_entities_mapper,4.2.4.Final,6.934426229508197,9.836065573770492,1.5901639344262295,9.98360655737705,6.655737704918033,0.44030987819672135,0.5274019201639344,0.09836065573770492,38.60655737704918
org_hibernate_envers_entities_mapper_relation,4.2.4.Final,6.739130434782608,8.630434782608695,1.6521739130434783,9.782608695652174,6.413043478260869,0.46181126565217395,0.5622925343478261,0.13043478260869565,36.28260869565217
org_hibernate_envers_entities_mapper_relation_lazy,4.2.4.Final,6.333333333333333,12.6,1.8,11.133333333333333,6.733333333333333,0.5663462579999998,0.6170285113333333,0.0,49.13333333333333
org_hibernate_envers_entities_mapper_relation_lazy_proxy,4.2.4.Final,4.166666666666667,14.166666666666666,1.5,12.5,15.833333333333334,0.39831522,0.39831522,0.0,56.166666666666664
org_hibernate_envers_event,4.2.4.Final,8.6,7.2,2.0,15.5,4.0,0.05,0.05,0.0,26.5
org_hibernate_envers_reader,4.2.4.Final,8.75,16.0,1.0,20.75,11.25,0.538429415,0.6535087675,0.0,72.0
org_hibernate_envers_synchronization_work,4.2.4.Final,8.818181818181818,11.727272727272727,1.5454545454545454,10.363636363636363,23.545454545454547,0.27408450145454544,0.35424121690909094,0.45454545454545453,46.90909090909091
org_hibernate_envers_tools_query,4.2.4.Final,5.0,26.333333333333332,1.0,22.666666666666668,41.0,0.27076649333333336,0.47999108,0.0,110.0
org_hibernate_service_jdbc_connections_internal,4.2.4.Final,6.0,17.5,1.0,19.5,38.5,0.05357143,0.05357143,0.5,60.5
org_hibernate_service_jndi,4.2.4.Final,3.6666666666666665,10.333333333333334,1.0,8.333333333333334,13.0,0.0,0.0,0.0,48.333333333333336
org_hibernate_service_jta_platform_internal,4.2.4.Final,5.391304347826087,6.086956521739131,1.6521739130434783,4.913043478260869,12.26086956521739,0.1608411495652174,0.17561807339130436,0.391304347826087,33.0
org_hibernate_boot_registry_selector,4.3.0.Beta4,14.5,8.666666666666666,1.1666666666666667,9.0,10.666666666666666,0.21666666999999998,0.28888889,0.6666666666666666,40.333333333333336
org_hibernate_envers_event_spi,4.3.0.Beta4,8.8,7.5,2.0,15.6,4.5,0.08333333400000001,0.08333333400000001,0.0,27.6
org_hibernate_envers_internal_entities_mapper_relation_lazy,4.3.0.Beta4,6.333333333333333,12.6,1.8,11.133333333333333,6.733333333333333,0.5663462579999998,0.6170285113333333,0.0,49.13333333333333
org_hibernate_envers_internal_entities_mapper_relation_query,4.3.0.Beta4,7.0,5.714285714285714,1.7142857142857142,15.571428571428571,10.285714285714286,0.34693879999999994,0.5918367357142857,0.14285714285714285,39.57142857142857
org_hibernate_envers_query_internal_property,4.3.0.Beta4,2.0,2.0,1.0,2.0,0.0,1.0,1.0,0.0,9.0
org_hibernate_osgi_test_client,4.3.0.Beta4,7.5,12.0,1.0,16.0,1.0,0.16666667,0.16666667,0.0,69.5
org_hibernate_proxool_internal,4.3.0.Beta4,6.0,17.5,1.0,19.5,38.5,0.05357143,0.05357143,0.5,63.5
org_hibernate_boot_registry_selector,4.3.0.Beta5,14.5,8.666666666666666,1.1666666666666667,9.0,10.666666666666666,0.21666666999999998,0.28888889,0.6666666666666666,40.333333333333336
org_hibernate_envers_event_spi,4.3.0.Beta5,8.8,7.6,2.0,15.6,4.5,0.08333333400000001,0.08333333400000001,0.0,27.8
org_hibernate_envers_internal_entities_mapper_relation_lazy,4.3.0.Beta5,4.933333333333334,8.866666666666667,1.9333333333333333,7.666666666666667,6.933333333333334,0.5041604019999999,0.5548426553333333,0.0,37.86666666666667
org_hibernate_envers_internal_entities_mapper_relation_query,4.3.0.Beta5,7.0,5.714285714285714,1.7142857142857142,15.571428571428571,10.285714285714286,0.34693879999999994,0.5918367357142857,0.14285714285714285,39.57142857142857
org_hibernate_envers_query_internal_property,4.3.0.Beta5,2.0,2.0,1.0,2.0,0.0,1.0,1.0,0.0,9.0
org_hibernate_loader_plan_exec_internal,4.3.0.Beta5,10.0,14.125,1.0,17.125,34.25,0.29583333749999996,0.40909091,4.625,67.0
org_hibernate_loader_plan_exec_process_internal,4.3.0.Beta5,9.466666666666667,12.4,1.1333333333333333,17.266666666666666,12.4,0.2341991353333333,0.28326118466666667,0.4,54.86666666666667
org_hibernate_loader_plan_exec_query_internal,4.3.0.Beta5,7.0,15.666666666666666,1.0,21.666666666666668,21.333333333333332,0.12626262666666668,0.2272727333333333,0.0,67.0
org_hibernate_osgi_test_client,4.3.0.Beta5,7.5,12.0,1.0,16.0,1.0,0.16666667,0.16666667,0.0,69.5
org_hibernate_proxool_internal,4.3.0.Beta5,6.0,17.5,1.0,19.5,38.5,0.05357143,0.05357143,0.5,63.5
org_hibernate_envers_event_spi,4.3.1.Final,8.8,7.6,2.0,15.6,4.5,0.08333333400000001,0.08333333400000001,0.0,27.8
org_hibernate_envers_internal_entities_mapper_relation_lazy,4.3.1.Final,4.933333333333334,8.866666666666667,1.9333333333333333,7.666666666666667,6.933333333333334,0.5041604019999999,0.5548426553333333,0.0,37.86666666666667
org_hibernate_boot_jaxb_hbm_internal,5.0.0.CR1,1.7,4.2,1.0,2.7,0.8,0.14285715,0.2,0.2,18.7
org_hibernate_boot_jaxb_hbm_spi,5.0.0.CR1,3.909090909090909,6.7272727272727275,1.1818181818181819,0.09090909090909091,55.18181818181818,-0.09090909090909091,-0.09090909090909091,0.09090909090909091,10.545454545454545
org_hibernate_resource_transaction_backend_jdbc,5.0.0.CR1,8.2,12.0,1.0,9.8,15.2,0.23754579399999995,0.33754578599999996,0.0,51.4
org_hibernate_boot_jaxb_hbm_internal,5.0.0.CR2,1.7,4.2,1.0,2.7,0.8,0.14285715,0.2,0.2,18.7
org_hibernate_boot_jaxb_hbm_spi,5.0.0.CR2,3.909090909090909,6.7272727272727275,1.1818181818181819,0.09090909090909091,55.18181818181818,-0.09090909090909091,-0.09090909090909091,0.09090909090909091,10.545454545454545
org_hibernate_resource_transaction_backend_jdbc,5.0.0.CR2,8.2,12.4,1.0,9.6,16.0,0.23754579399999995,0.352930402,0.0,51.2
org_hibernate_boot_jaxb_hbm_internal,5.0.0.CR3,1.7,4.2,1.0,2.7,0.8,0.14285715,0.2,0.2,18.7
org_hibernate_boot_jaxb_hbm_spi,5.0.0.CR3,3.909090909090909,6.7272727272727275,1.1818181818181819,0.09090909090909091,55.18181818181818,-0.09090909090909091,-0.09090909090909091,0.09090909090909091,10.545454545454545
org_hibernate_resource_transaction_backend_jdbc,5.0.0.CR3,8.2,14.2,1.0,10.6,13.6,0.25897436799999995,0.38864469599999996,0.0,62.0
org_hibernate_boot_jaxb_hbm_internal,5.0.0.CR4,1.7,4.2,1.0,2.7,0.8,0.14285715,0.2,0.2,18.7
org_hibernate_boot_jaxb_hbm_spi,5.0.0.CR4,3.909090909090909,6.7272727272727275,1.1818181818181819,0.09090909090909091,55.18181818181818,-0.09090909090909091,-0.09090909090909091,0.09090909090909091,10.545454545454545
org_hibernate_resource_transaction_backend_jdbc,5.0.0.CR4,8.2,14.2,1.0,10.6,13.6,0.25897436799999995,0.38864469599999996,0.0,62.0
org_hibernate_boot_jaxb_hbm_internal,5.0.0.Final,1.7,4.2,1.0,2.7,0.8,0.14285715,0.2,0.2,18.7
org_hibernate_boot_jaxb_hbm_spi,5.0.0.Final,3.909090909090909,6.7272727272727275,1.1818181818181819,0.09090909090909091,55.18181818181818,-0.09090909090909091,-0.09090909090909091,0.09090909090909091,10.545454545454545
org_hibernate_resource_transaction_backend_jdbc,5.0.0.Final,8.2,14.2,1.0,10.6,13.6,0.25897436799999995,0.38864469599999996,0.0,62.0
org_hibernate_boot_jaxb_hbm_internal,5.0.1.Final,1.7,4.2,1.0,2.7,0.8,0.14285715,0.2,0.2,18.7
org_hibernate_boot_jaxb_hbm_spi,5.0.1.Final,3.909090909090909,6.7272727272727275,1.1818181818181819,0.09090909090909091,55.18181818181818,-0.09090909090909091,-0.09090909090909091,0.09090909090909091,10.545454545454545
org_hibernate_resource_transaction_backend_jdbc,5.0.1.Final,8.2,14.2,1.0,10.6,13.6,0.25897436799999995,0.38864469599999996,0.0,62.0
org_hibernate_boot_jaxb_hbm_internal,5.0.2.Final,1.7,4.2,1.0,2.7,0.8,0.14285715,0.2,0.2,18.7
org_hibernate_boot_jaxb_hbm_spi,5.0.2.Final,3.909090909090909,6.7272727272727275,1.1818181818181819,0.09090909090909091,55.18181818181818,-0.09090909090909091,-0.09090909090909091,0.09090909090909091,10.545454545454545
org_hibernate_resource_transaction_backend_jdbc,5.0.2.Final,8.2,14.2,1.0,10.6,13.6,0.25897436799999995,0.38864469599999996,0.0,62.0
org_hibernate_boot_jaxb_hbm_internal,5.0.3,1.7,4.2,1.0,2.7,0.8,0.14285715,0.2,0.2,18.7
org_hibernate_boot_jaxb_hbm_spi,5.0.3,3.909090909090909,6.7272727272727275,1.1818181818181819,0.09090909090909091,55.18181818181818,-0.09090909090909091,-0.09090909090909091,0.09090909090909091,10.545454545454545
org_hibernate_resource_transaction_backend_jdbc,5.0.3,8.2,14.2,1.0,10.6,13.6,0.25897436799999995,0.38864469599999996,0.0,62.0
org_hibernate_boot_jaxb_hbm_internal,5.0.4,1.7,4.2,1.0,2.7,0.8,0.14285715,0.2,0.2,18.7
org_hibernate_boot_jaxb_hbm_spi,5.0.4,3.909090909090909,6.7272727272727275,1.1818181818181819,0.09090909090909091,55.18181818181818,-0.09090909090909091,-0.09090909090909091,0.09090909090909091,10.545454545454545
org_hibernate_resource_transaction_backend_jdbc,5.0.4,8.2,14.2,1.0,10.6,13.6,0.25897436799999995,0.38864469599999996,0.0,62.0
org_hibernate_boot_jaxb_hbm_internal,5.0.5,1.7,4.2,1.0,2.7,0.8,0.14285715,0.2,0.2,18.7
org_hibernate_boot_jaxb_hbm_spi,5.0.5,3.909090909090909,6.7272727272727275,1.1818181818181819,0.09090909090909091,55.18181818181818,-0.09090909090909091,-0.09090909090909091,0.09090909090909091,10.545454545454545
org_hibernate_resource_transaction_backend_jdbc,5.0.5,8.2,14.2,1.0,10.6,13.6,0.25897436799999995,0.38864469599999996,0.0,62.0
io_reactivex_internal_observers,v2.2.20,4.037037037037037,12.0,2.1481481481481484,6.296296296296297,8.814814814814815,0.1386231062962963,0.21618258296296297,0.0,43.25925925925926
io_reactivex_internal_operators_mixed,v2.2.20,8.270833333333334,12.291666666666666,2.8958333333333335,8.520833333333334,1.5833333333333333,0.6393593735416667,0.7708333341666666,0.125,109.1875
io_reactivex_observables,v2.2.20,8.5,8.0,2.0,6.0,33.0,0.5,0.5,0.0,28.5
io_reactivex_processors,v2.2.20,7.611111111111111,34.27777777777778,3.0555555555555554,15.444444444444445,21.0,0.4083967305555556,0.6028389661111111,1.1666666666666667,175.61111111111111
io_reactivex_subjects,v2.2.20,6.7727272727272725,28.5,2.8181818181818183,12.272727272727273,12.909090909090908,0.44014342,0.5477865181818182,1.1818181818181819,139.3181818181818
io_reactivex_internal_observers,v2.2.21,4.037037037037037,12.0,2.1481481481481484,6.296296296296297,8.814814814814815,0.1386231062962963,0.21618258296296297,0.0,43.25925925925926
io_reactivex_internal_operators_mixed,v2.2.21,8.270833333333334,12.291666666666666,2.8958333333333335,8.520833333333334,1.5833333333333333,0.6393593735416667,0.7708333341666666,0.125,109.1875
io_reactivex_observables,v2.2.21,8.5,8.0,2.0,6.0,33.0,0.5,0.5,0.0,28.5
io_reactivex_processors,v2.2.21,7.611111111111111,34.27777777777778,3.0555555555555554,15.444444444444445,21.0,0.4083967305555556,0.6028389661111111,1.1666666666666667,175.61111111111111
io_reactivex_subjects,v2.2.21,6.7727272727272725,28.5,2.8181818181818183,12.272727272727273,12.909090909090908,0.44014342,0.5477865181818182,1.1818181818181819,139.3181818181818
io_reactivex_rxjava3_flowables,v3.0.0,8.0,7.5,2.0,5.5,33.0,0.5,0.5,1.5,26.5
io_reactivex_rxjava3_observers,v3.0.0,5.071428571428571,15.857142857142858,1.0714285714285714,10.357142857142858,17.142857142857142,0.4437265799999999,0.5518504478571428,1.7857142857142858,62.0
io_reactivex_rxjava3_flowables,v3.0.0-RC8,8.0,7.5,2.0,5.5,33.0,0.5,0.5,1.5,26.5
io_reactivex_rxjava3_observers,v3.0.0-RC8,5.071428571428571,15.857142857142858,1.0714285714285714,10.357142857142858,17.142857142857142,0.4437265799999999,0.5518504478571428,1.7857142857142858,62.0
io_reactivex_rxjava3_flowables,v3.0.0-RC9,8.0,7.5,2.0,5.5,33.0,0.5,0.5,1.5,26.5
io_reactivex_rxjava3_observers,v3.0.0-RC9,5.071428571428571,15.857142857142858,1.0714285714285714,10.357142857142858,17.142857142857142,0.4437265799999999,0.5518504478571428,1.7857142857142858,62.0
io_reactivex_rxjava3_flowables,v3.0.1,8.0,7.5,2.0,5.5,33.0,0.5,0.5,1.5,26.5
io_reactivex_rxjava3_internal_jdk8,v3.0.1,6.492063492063492,9.777777777777779,2.3968253968253967,7.920634920634921,2.9206349206349205,0.5980927403174604,0.6962689882539682,0.6666666666666666,77.04761904761905
io_reactivex_rxjava3_internal_operators_mixed,v3.0.1,8.056603773584905,10.962264150943396,2.811320754716981,7.716981132075472,1.4339622641509433,0.6806243043396227,0.7924528309433961,0.4528301886792453,94.37735849056604
io_reactivex_rxjava3_internal_operators_parallel,v3.0.1,7.23404255319149,12.936170212765957,2.723404255319149,8.851063829787234,2.127659574468085,0.6769503573617022,0.7852921320425532,0.723404255319149,104.57446808510639
io_reactivex_rxjava3_internal_queue,v3.0.1,3.75,21.5,1.75,15.75,84.0,0.18484849,0.27543291000000003,9.5,96.0
io_reactivex_rxjava3_internal_subscribers,v3.0.1,4.409090909090909,12.045454545454545,2.4545454545454546,7.454545454545454,12.409090909090908,-0.013541758090909083,0.0661381590909091,0.0,45.40909090909091
io_reactivex_rxjava3_internal_util,v3.0.1,3.6296296296296298,13.88888888888889,1.2222222222222223,5.222222222222222,18.333333333333332,0.26740016718518517,0.28521321792592597,1.4074074074074074,49.370370370370374
io_reactivex_rxjava3_observers,v3.0.1,5.071428571428571,15.857142857142858,1.0714285714285714,10.357142857142858,17.142857142857142,0.4437265799999999,0.5518504478571428,1.7857142857142858,62.0
io_reactivex_rxjava3_flowables,v3.0.10,8.0,7.5,2.0,5.5,33.0,0.5,0.5,1.5,26.5
io_reactivex_rxjava3_internal_jdk8,v3.0.10,6.492063492063492,9.777777777777779,2.3968253968253967,7.920634920634921,2.9206349206349205,0.5980927403174604,0.6962689882539682,0.6666666666666666,77.04761904761905
io_reactivex_rxjava3_internal_operators_mixed,v3.0.10,7.872727272727273,10.6,3.036363636363636,7.5636363636363635,3.109090909090909,0.6476216729090909,0.7605207932727271,0.43636363636363634,86.74545454545455
io_reactivex_rxjava3_internal_operators_parallel,v3.0.10,7.23404255319149,12.936170212765957,2.723404255319149,8.851063829787234,2.127659574468085,0.6769503573617022,0.7852921320425532,0.723404255319149,104.57446808510639
io_reactivex_rxjava3_internal_queue,v3.0.10,3.75,21.5,1.75,15.75,84.0,0.18484849,0.27543291000000003,9.5,96.0
io_reactivex_rxjava3_internal_subscribers,v3.0.10,4.409090909090909,12.045454545454545,2.4545454545454546,7.454545454545454,12.409090909090908,-0.013541758090909083,0.0661381590909091,0.0,45.40909090909091
io_reactivex_rxjava3_internal_util,v3.0.10,3.6296296296296298,13.88888888888889,1.2222222222222223,5.222222222222222,18.333333333333332,0.26740016718518517,0.28521321792592597,1.4074074074074074,49.370370370370374
io_reactivex_rxjava3_observers,v3.0.10,5.071428571428571,16.214285714285715,1.0714285714285714,10.357142857142858,19.285714285714285,0.44323396857142855,0.5484021714285714,1.8571428571428572,62.714285714285715
io_reactivex_rxjava3_flowables,v3.0.11,8.0,7.5,2.0,5.5,33.0,0.5,0.5,1.5,26.5
io_reactivex_rxjava3_internal_jdk8,v3.0.11,6.492063492063492,9.777777777777779,2.3968253968253967,7.920634920634921,2.9206349206349205,0.5980927403174604,0.6962689882539682,0.6666666666666666,77.04761904761905
io_reactivex_rxjava3_internal_operators_mixed,v3.0.11,7.872727272727273,10.6,3.036363636363636,7.5636363636363635,3.109090909090909,0.6476216729090908,0.7605207932727271,0.43636363636363634,86.74545454545455
io_reactivex_rxjava3_internal_operators_parallel,v3.0.11,7.23404255319149,12.936170212765957,2.723404255319149,9.148936170212766,2.127659574468085,0.6769503573617022,0.7852921320425532,0.723404255319149,104.87234042553192
io_reactivex_rxjava3_internal_queue,v3.0.11,3.75,21.5,1.75,15.75,84.0,0.18484849,0.27543291000000003,9.5,96.0
io_reactivex_rxjava3_internal_subscribers,v3.0.11,4.409090909090909,12.045454545454545,2.4545454545454546,7.454545454545454,12.409090909090908,-0.013541758090909083,0.0661381590909091,0.0,45.40909090909091
io_reactivex_rxjava3_internal_util,v3.0.11,3.6296296296296298,13.88888888888889,1.2222222222222223,5.222222222222222,18.333333333333332,0.26740016718518517,0.28521321792592597,1.4074074074074074,49.370370370370374
io_reactivex_rxjava3_observers,v3.0.11,5.071428571428571,16.214285714285715,1.0714285714285714,10.357142857142858,19.285714285714285,0.44323396857142855,0.5484021714285714,1.8571428571428572,62.714285714285715
io_reactivex_rxjava3_flowables,v3.0.11-RC1,8.0,7.5,2.0,5.5,33.0,0.5,0.5,1.5,26.5
io_reactivex_rxjava3_internal_jdk8,v3.0.11-RC1,6.492063492063492,9.777777777777779,2.3968253968253967,7.920634920634921,2.9206349206349205,0.5980927403174604,0.6962689882539682,0.6666666666666666,77.04761904761905
io_reactivex_rxjava3_internal_operators_mixed,v3.0.11-RC1,7.872727272727273,10.6,3.036363636363636,7.5636363636363635,3.109090909090909,0.6476216729090909,0.7605207932727271,0.43636363636363634,86.74545454545455
io_reactivex_rxjava3_internal_operators_parallel,v3.0.11-RC1,7.23404255319149,12.936170212765957,2.723404255319149,8.851063829787234,2.127659574468085,0.6769503573617022,0.7852921320425532,0.723404255319149,104.57446808510639
io_reactivex_rxjava3_internal_queue,v3.0.11-RC1,3.75,21.5,1.75,15.75,84.0,0.18484849,0.27543291000000003,9.5,96.0
io_reactivex_rxjava3_internal_subscribers,v3.0.11-RC1,4.409090909090909,12.045454545454545,2.4545454545454546,7.454545454545454,12.409090909090908,-0.013541758090909083,0.0661381590909091,0.0,45.40909090909091
io_reactivex_rxjava3_internal_util,v3.0.11-RC1,3.6296296296296298,13.88888888888889,1.2222222222222223,5.222222222222222,18.333333333333332,0.26740016718518517,0.28521321792592597,1.4074074074074074,49.370370370370374
io_reactivex_rxjava3_observers,v3.0.11-RC1,5.071428571428571,16.214285714285715,1.0714285714285714,10.357142857142858,19.285714285714285,0.44323396857142855,0.5484021714285714,1.8571428571428572,62.714285714285715
io_reactivex_rxjava3_flowables,v3.0.11-RC2,8.0,7.5,2.0,5.5,33.0,0.5,0.5,1.5,26.5
io_reactivex_rxjava3_internal_jdk8,v3.0.11-RC2,6.492063492063492,9.777777777777779,2.3968253968253967,7.920634920634921,2.9206349206349205,0.5980927403174604,0.6962689882539682,0.6666666666666666,77.04761904761905
io_reactivex_rxjava3_internal_operators_mixed,v3.0.11-RC2,7.872727272727273,10.6,3.036363636363636,7.5636363636363635,3.109090909090909,0.6476216729090909,0.7605207932727271,0.43636363636363634,86.74545454545455
io_reactivex_rxjava3_internal_operators_parallel,v3.0.11-RC2,7.23404255319149,12.936170212765957,2.723404255319149,8.851063829787234,2.127659574468085,0.6769503573617022,0.7852921320425532,0.723404255319149,104.57446808510639
io_reactivex_rxjava3_internal_queue,v3.0.11-RC2,3.75,21.5,1.75,15.75,84.0,0.18484849,0.27543291000000003,9.5,96.0
io_reactivex_rxjava3_internal_subscribers,v3.0.11-RC2,4.409090909090909,12.045454545454545,2.4545454545454546,7.454545454545454,12.409090909090908,-0.013541758090909083,0.0661381590909091,0.0,45.40909090909091
io_reactivex_rxjava3_internal_util,v3.0.11-RC2,3.6296296296296298,13.88888888888889,1.2222222222222223,5.222222222222222,18.333333333333332,0.26740016718518517,0.28521321792592597,1.4074074074074074,49.370370370370374
io_reactivex_rxjava3_observers,v3.0.11-RC2,5.071428571428571,16.214285714285715,1.0714285714285714,10.357142857142858,19.285714285714285,0.44323396857142855,0.5484021714285714,1.8571428571428572,62.714285714285715
io_reactivex_rxjava3_flowables,v3.0.11-RC3,8.0,7.5,2.0,5.5,33.0,0.5,0.5,1.5,26.5
io_reactivex_rxjava3_internal_jdk8,v3.0.11-RC3,6.492063492063492,9.777777777777779,2.3968253968253967,7.920634920634921,2.9206349206349205,0.5980927403174604,0.6962689882539682,0.6666666666666666,77.04761904761905
io_reactivex_rxjava3_internal_operators_mixed,v3.0.11-RC3,7.872727272727273,10.6,3.036363636363636,7.5636363636363635,3.109090909090909,0.6476216729090909,0.7605207932727271,0.43636363636363634,86.74545454545455
io_reactivex_rxjava3_internal_operators_parallel,v3.0.11-RC3,7.23404255319149,12.936170212765957,2.723404255319149,8.851063829787234,2.127659574468085,0.6769503573617022,0.7852921320425532,0.723404255319149,104.57446808510639
io_reactivex_rxjava3_internal_queue,v3.0.11-RC3,3.75,21.5,1.75,15.75,84.0,0.18484849,0.27543291000000003,9.5,96.0
io_reactivex_rxjava3_internal_subscribers,v3.0.11-RC3,4.409090909090909,12.045454545454545,2.4545454545454546,7.454545454545454,12.409090909090908,-0.013541758090909083,0.0661381590909091,0.0,45.40909090909091
io_reactivex_rxjava3_internal_util,v3.0.11-RC3,3.6296296296296298,13.88888888888889,1.2222222222222223,5.222222222222222,18.333333333333332,0.26740016718518517,0.28521321792592597,1.4074074074074074,49.370370370370374
io_reactivex_rxjava3_observers,v3.0.11-RC3,5.071428571428571,16.214285714285715,1.0714285714285714,10.357142857142858,19.285714285714285,0.44323396857142855,0.5484021714285714,1.8571428571428572,62.714285714285715
io_reactivex_rxjava3_flowables,v3.0.11-RC4,8.0,7.5,2.0,5.5,33.0,0.5,0.5,1.5,26.5
io_reactivex_rxjava3_internal_jdk8,v3.0.11-RC4,6.492063492063492,9.777777777777779,2.3968253968253967,7.920634920634921,2.9206349206349205,0.5980927403174604,0.6962689882539682,0.6666666666666666,77.04761904761905
io_reactivex_rxjava3_internal_operators_mixed,v3.0.11-RC4,7.872727272727273,10.6,3.036363636363636,7.5636363636363635,3.109090909090909,0.6476216729090908,0.7605207932727271,0.43636363636363634,86.74545454545455
io_reactivex_rxjava3_internal_operators_parallel,v3.0.11-RC4,7.23404255319149,12.936170212765957,2.723404255319149,8.851063829787234,2.127659574468085,0.6769503573617022,0.7852921320425532,0.723404255319149,104.57446808510639
io_reactivex_rxjava3_internal_queue,v3.0.11-RC4,3.75,21.5,1.75,15.75,84.0,0.18484849,0.27543291000000003,9.5,96.0
io_reactivex_rxjava3_internal_subscribers,v3.0.11-RC4,4.409090909090909,12.045454545454545,2.4545454545454546,7.454545454545454,12.409090909090908,-0.013541758090909083,0.0661381590909091,0.0,45.40909090909091
io_reactivex_rxjava3_internal_util,v3.0.11-RC4,3.6296296296296298,13.88888888888889,1.2222222222222223,5.222222222222222,18.333333333333332,0.26740016718518517,0.28521321792592597,1.4074074074074074,49.370370370370374
io_reactivex_rxjava3_observers,v3.0.11-RC4,5.071428571428571,16.214285714285715,1.0714285714285714,10.357142857142858,19.285714285714285,0.44323396857142855,0.5484021714285714,1.8571428571428572,62.714285714285715
io_reactivex_rxjava3_flowables,v3.0.11-RC5,8.0,7.5,2.0,5.5,33.0,0.5,0.5,1.5,26.5
io_reactivex_rxjava3_internal_jdk8,v3.0.11-RC5,6.492063492063492,9.777777777777779,2.3968253968253967,7.920634920634921,2.9206349206349205,0.5980927403174604,0.6962689882539682,0.6666666666666666,77.04761904761905
io_reactivex_rxjava3_internal_operators_mixed,v3.0.11-RC5,7.872727272727273,10.6,3.036363636363636,7.5636363636363635,3.109090909090909,0.6476216729090908,0.7605207932727271,0.43636363636363634,86.74545454545455
io_reactivex_rxjava3_internal_operators_parallel,v3.0.11-RC5,7.23404255319149,12.936170212765957,2.723404255319149,8.851063829787234,2.127659574468085,0.6769503573617022,0.7852921320425532,0.723404255319149,104.57446808510639
io_reactivex_rxjava3_internal_queue,v3.0.11-RC5,3.75,21.5,1.75,15.75,84.0,0.18484849,0.27543291000000003,9.5,96.0
io_reactivex_rxjava3_internal_subscribers,v3.0.11-RC5,4.409090909090909,12.045454545454545,2.4545454545454546,7.454545454545454,12.409090909090908,-0.013541758090909083,0.0661381590909091,0.0,45.40909090909091
io_reactivex_rxjava3_internal_util,v3.0.11-RC5,3.6296296296296298,13.88888888888889,1.2222222222222223,5.222222222222222,18.333333333333332,0.26740016718518517,0.28521321792592597,1.4074074074074074,49.370370370370374
io_reactivex_rxjava3_observers,v3.0.11-RC5,5.071428571428571,16.214285714285715,1.0714285714285714,10.357142857142858,19.285714285714285,0.44323396857142855,0.5484021714285714,1.8571428571428572,62.714285714285715
io_reactivex_rxjava3_flowables,v3.0.12,8.0,7.5,2.0,5.5,33.0,0.5,0.5,1.5,26.5
io_reactivex_rxjava3_internal_jdk8,v3.0.12,6.492063492063492,9.777777777777779,2.3968253968253967,7.920634920634921,2.9206349206349205,0.5980927403174604,0.6962689882539682,0.6666666666666666,77.04761904761905
io_reactivex_rxjava3_internal_operators_mixed,v3.0.12,7.872727272727273,10.6,3.036363636363636,7.5636363636363635,3.109090909090909,0.6476216729090908,0.7605207932727271,0.43636363636363634,86.74545454545455
io_reactivex_rxjava3_internal_operators_parallel,v3.0.12,7.23404255319149,12.936170212765957,2.723404255319149,9.148936170212766,2.127659574468085,0.6769503573617022,0.7852921320425532,0.723404255319149,104.87234042553192
io_reactivex_rxjava3_internal_queue,v3.0.12,3.75,21.5,1.75,15.75,84.0,0.18484849,0.27543291000000003,9.5,96.0
io_reactivex_rxjava3_internal_subscribers,v3.0.12,4.409090909090909,12.045454545454545,2.4545454545454546,7.454545454545454,12.409090909090908,-0.013541758090909083,0.0661381590909091,0.0,45.40909090909091
io_reactivex_rxjava3_internal_util,v3.0.12,3.6296296296296298,13.88888888888889,1.2222222222222223,5.222222222222222,18.333333333333332,0.26740016718518517,0.28521321792592597,1.4074074074074074,49.370370370370374
io_reactivex_rxjava3_observers,v3.0.12,5.071428571428571,16.214285714285715,1.0714285714285714,10.357142857142858,19.285714285714285,0.44323396857142855,0.5484021714285714,1.8571428571428572,62.714285714285715
io_reactivex_rxjava3_flowables,v3.0.12-RC1,8.0,7.5,2.0,5.5,33.0,0.5,0.5,1.5,26.5
io_reactivex_rxjava3_internal_jdk8,v3.0.12-RC1,6.492063492063492,9.777777777777779,2.3968253968253967,7.920634920634921,2.9206349206349205,0.5980927403174604,0.6962689882539682,0.6666666666666666,77.04761904761905
io_reactivex_rxjava3_internal_operators_mixed,v3.0.12-RC1,7.872727272727273,10.6,3.036363636363636,7.5636363636363635,3.109090909090909,0.6476216729090908,0.7605207932727271,0.43636363636363634,86.74545454545455
io_reactivex_rxjava3_internal_operators_parallel,v3.0.12-RC1,7.23404255319149,12.936170212765957,2.723404255319149,9.148936170212766,2.127659574468085,0.6769503573617022,0.7852921320425532,0.723404255319149,104.87234042553192
io_reactivex_rxjava3_internal_queue,v3.0.12-RC1,3.75,21.5,1.75,15.75,84.0,0.18484849,0.27543291000000003,9.5,96.0
io_reactivex_rxjava3_internal_subscribers,v3.0.12-RC1,4.409090909090909,12.045454545454545,2.4545454545454546,7.454545454545454,12.409090909090908,-0.013541758090909083,0.0661381590909091,0.0,45.40909090909091
io_reactivex_rxjava3_internal_util,v3.0.12-RC1,3.6296296296296298,13.88888888888889,1.2222222222222223,5.222222222222222,18.333333333333332,0.26740016718518517,0.28521321792592597,1.4074074074074074,49.370370370370374
io_reactivex_rxjava3_observers,v3.0.12-RC1,5.071428571428571,16.214285714285715,1.0714285714285714,10.357142857142858,19.285714285714285,0.44323396857142855,0.5484021714285714,1.8571428571428572,62.714285714285715
io_reactivex_rxjava3_flowables,v3.0.13-RC1,8.0,7.5,2.0,5.5,33.0,0.5,0.5,1.5,26.5
io_reactivex_rxjava3_internal_jdk8,v3.0.13-RC1,6.492063492063492,9.777777777777779,2.3968253968253967,7.920634920634921,2.9206349206349205,0.5980927403174604,0.6962689882539682,0.6666666666666666,77.04761904761905
io_reactivex_rxjava3_internal_operators_mixed,v3.0.13-RC1,7.872727272727273,10.6,3.036363636363636,7.5636363636363635,3.109090909090909,0.6476216729090908,0.7605207932727271,0.43636363636363634,86.74545454545455
io_reactivex_rxjava3_internal_operators_parallel,v3.0.13-RC1,7.23404255319149,12.936170212765957,2.723404255319149,9.148936170212766,2.127659574468085,0.6769503573617022,0.7852921320425532,0.723404255319149,104.87234042553192
io_reactivex_rxjava3_internal_queue,v3.0.13-RC1,3.75,21.5,1.75,15.75,84.0,0.18484849,0.27543291000000003,9.5,96.0
io_reactivex_rxjava3_internal_subscribers,v3.0.13-RC1,4.409090909090909,12.045454545454545,2.4545454545454546,7.454545454545454,12.409090909090908,-0.013541758090909083,0.0661381590909091,0.0,45.40909090909091
io_reactivex_rxjava3_internal_util,v3.0.13-RC1,3.6296296296296298,13.88888888888889,1.2222222222222223,5.222222222222222,18.333333333333332,0.26740016718518517,0.28521321792592597,1.4074074074074074,49.370370370370374
io_reactivex_rxjava3_observers,v3.0.13-RC1,5.071428571428571,16.214285714285715,1.0714285714285714,10.357142857142858,19.285714285714285,0.44323396857142855,0.5484021714285714,1.8571428571428572,62.714285714285715
io_reactivex_rxjava3_flowables,v3.0.13-RC2,8.0,7.5,2.0,5.5,33.0,0.5,0.5,1.5,26.5
io_reactivex_rxjava3_internal_jdk8,v3.0.13-RC2,6.492063492063492,9.777777777777779,2.3968253968253967,7.920634920634921,2.9206349206349205,0.5980927403174604,0.6962689882539682,0.6666666666666666,77.04761904761905
io_reactivex_rxjava3_internal_operators_mixed,v3.0.13-RC2,7.872727272727273,10.6,3.036363636363636,7.5636363636363635,3.109090909090909,0.6476216729090908,0.7605207932727271,0.43636363636363634,86.74545454545455
io_reactivex_rxjava3_internal_operators_parallel,v3.0.13-RC2,7.23404255319149,12.936170212765957,2.723404255319149,9.148936170212766,2.127659574468085,0.6769503573617022,0.7852921320425532,0.723404255319149,104.87234042553192
io_reactivex_rxjava3_internal_queue,v3.0.13-RC2,3.75,21.5,1.75,15.75,84.0,0.18484849,0.27543291000000003,9.5,96.0
io_reactivex_rxjava3_internal_subscribers,v3.0.13-RC2,4.409090909090909,12.045454545454545,2.4545454545454546,7.454545454545454,12.409090909090908,-0.013541758090909083,0.0661381590909091,0.0,45.40909090909091
io_reactivex_rxjava3_internal_util,v3.0.13-RC2,3.6296296296296298,13.88888888888889,1.2222222222222223,5.222222222222222,18.333333333333332,0.26740016718518517,0.28521321792592597,1.4074074074074074,49.370370370370374
io_reactivex_rxjava3_observers,v3.0.13-RC2,5.071428571428571,16.214285714285715,1.0714285714285714,10.357142857142858,19.285714285714285,0.44323396857142855,0.5484021714285714,1.8571428571428572,62.714285714285715
io_reactivex_rxjava3_observers,v3.0.2,5.071428571428571,15.857142857142858,1.0714285714285714,10.357142857142858,17.142857142857142,0.4437265799999999,0.5518504478571428,1.7857142857142858,62.0
io_reactivex_rxjava3_observers,v3.0.3,5.071428571428571,15.857142857142858,1.0714285714285714,10.357142857142858,17.142857142857142,0.4437265799999999,0.5518504478571428,1.7857142857142858,62.0
io_reactivex_rxjava3_observers,v3.0.4,5.071428571428571,15.857142857142858,1.0714285714285714,10.357142857142858,17.142857142857142,0.4437265799999999,0.5518504478571428,1.7857142857142858,62.0
io_reactivex_rxjava3_observers,v3.0.5,5.071428571428571,15.857142857142858,1.0714285714285714,10.357142857142858,17.142857142857142,0.4437265799999999,0.5518504478571428,1.7857142857142858,62.0
io_reactivex_rxjava3_observers,v3.0.6,5.071428571428571,15.857142857142858,1.0714285714285714,10.357142857142858,17.142857142857142,0.4437265799999999,0.5518504478571428,1.7857142857142858,62.0
com_alibaba_fescar_server,v0.2.0,6.517241379310345,15.551724137931034,1.1379310344827587,12.551724137931034,32.206896551724135,0.14052859758620692,0.2232289244827586,2.0689655172413794,69.86206896551724
com_alibaba_fescar_common_util,v0.2.0,1.0,15.333333333333334,1.0,14.666666666666666,19.666666666666668,0.0,0.0,5.0,58.333333333333336
com_alibaba_fescar_core_rpc_netty,v0.2.0,9.68421052631579,26.526315789473685,2.0,24.31578947368421,106.15789473684211,0.2243425797368421,0.3083832185789474,1.631578947368421,114.78947368421052
com_alibaba_fescar_server_coordinator,v0.2.0,10.8,18.0,1.2,20.6,20.2,-0.10717948599999998,-0.071282046,0.2,84.8
com_alibaba_fescar_server_lock,v0.2.0,2.5,6.5,1.0,6.5,1.0,0.0,0.0,0.0,30.5
com_alibaba_fescar_server_session,v0.2.0,5.5,19.75,1.0833333333333333,13.333333333333334,58.833333333333336,0.12295937416666668,0.25667075333333333,1.25,71.91666666666667
com_alibaba_fescar_server_store,v0.2.0,4.666666666666667,13.166666666666666,1.0,9.5,5.333333333333333,0.3559523783333334,0.4583333333333333,1.8333333333333333,84.16666666666667
com_alibaba_fescar_spring_annotation,v0.2.0,6.5,14.75,1.25,14.0,8.25,0.53194445,0.75,0.0,63.5
com_alibaba_fescar_tm,v0.2.0,3.1818181818181817,6.2727272727272725,1.3636363636363635,2.727272727272727,6.181818181818182,-0.08131313090909091,-0.053030303636363636,0.2727272727272727,27.0
com_alibaba_fescar_tm_api,v0.2.0,2.0,6.666666666666667,1.4444444444444444,2.3333333333333335,4.444444444444445,0.011728395555555556,0.046296295555555554,0.2222222222222222,27.22222222222222
com_alibaba_fescar_common,v0.2.1,1.1666666666666667,10.25,1.8333333333333333,8.25,16.5,0.10966811091666667,0.1255411259166667,2.9166666666666665,42.916666666666664
com_alibaba_fescar_common_loader,v0.2.1,3.5,19.5,1.5,20.5,28.0,0.0,0.0,8.0,83.5
com_alibaba_fescar_common_util,v0.2.1,1.0,15.333333333333334,1.0,14.666666666666666,19.666666666666668,0.0,0.0,5.0,58.333333333333336
com_alibaba_fescar_core_context,v0.2.1,2.3333333333333335,5.0,1.0,4.0,1.0,0.5333333333333333,0.5333333333333333,0.6666666666666666,17.0
com_alibaba_fescar_core_exception,v0.2.1,1.0,6.5,2.0,2.5,4.5,0.178571435,0.178571435,1.5,31.0
com_alibaba_fescar_core_model,v0.2.1,1.375,4.0,1.0,1.5,1.875,0.15,0.15,1.0,14.25
com_alibaba_fescar_core_protocol_transaction,v0.2.1,4.7368421052631575,8.421052631578947,3.6315789473684212,8.263157894736842,5.7894736842105265,0.3548486636842105,0.46618469157894743,0.2631578947368421,38.94736842105263
com_alibaba_fescar_core_rpc_netty,v0.2.1,9.68421052631579,26.526315789473685,2.0,24.31578947368421,106.36842105263158,0.2243425797368421,0.3083832185789474,1.631578947368421,114.78947368421052
com_alibaba_fescar_discovery_registry,v0.2.1,3.6666666666666665,17.333333333333332,1.0,13.333333333333334,22.666666666666668,0.17460318333333333,0.23809524333333332,5.333333333333333,69.33333333333333
com_alibaba_fescar_rm_datasource,v0.2.1,5.928571428571429,13.071428571428571,1.5178571428571428,13.178571428571429,49.982142857142854,0.14030476817214285,0.17988369674357144,0.9821428571428571,56.785714285714285
com_alibaba_fescar_rm_datasource_sql_druid,v0.2.1,11.2,10.4,1.8,8.2,3.8,0.61666668,0.61666668,0.0,59.6
com_alibaba_fescar_rm_datasource_sql_struct,v0.2.1,3.090909090909091,16.363636363636363,1.0,13.454545454545455,79.0,0.12148994909090907,0.23896332727272726,1.4545454545454546,68.9090909090909
com_alibaba_fescar_rm_datasource_undo_mysql,v0.2.1,5.666666666666667,8.333333333333334,2.0,12.333333333333334,4.0,0.0,0.0,0.0,36.333333333333336
com_alibaba_fescar_server,v0.2.1,6.517241379310345,15.551724137931034,1.1379310344827587,12.551724137931034,32.206896551724135,0.14052859758620692,0.2232289244827586,2.0689655172413794,69.86206896551724
com_alibaba_fescar_server_coordinator,v0.2.1,10.8,18.0,1.2,20.6,20.2,-0.10717948599999998,-0.071282046,0.2,84.8
com_alibaba_fescar_server_lock,v0.2.1,2.5,6.5,1.0,6.5,1.0,0.0,0.0,0.0,30.5
com_alibaba_fescar_server_session,v0.2.1,5.5,19.75,1.0833333333333333,13.333333333333334,58.833333333333336,0.12295937416666668,0.25667075333333333,1.25,71.91666666666667
com_alibaba_fescar_server_store,v0.2.1,4.666666666666667,13.166666666666666,1.0,9.5,5.333333333333333,0.3559523783333334,0.4583333333333333,1.8333333333333333,84.16666666666667
com_alibaba_fescar_spring_annotation,v0.2.1,6.5,14.75,1.25,14.0,8.25,0.53194445,0.75,0.0,63.5
com_alibaba_fescar_tm,v0.2.1,3.1818181818181817,6.2727272727272725,1.3636363636363635,2.727272727272727,6.181818181818182,-0.08131313090909091,-0.053030303636363636,0.2727272727272727,27.0
com_alibaba_fescar_tm_api,v0.2.1,2.0,6.666666666666667,1.4444444444444444,2.3333333333333335,4.444444444444445,0.011728395555555556,0.046296295555555554,0.2222222222222222,27.22222222222222
com_alibaba_fescar_common,v0.2.2,1.1666666666666667,10.25,1.8333333333333333,8.25,16.5,0.10966811091666667,0.1255411259166667,2.9166666666666665,42.916666666666664
com_alibaba_fescar_common_loader,v0.2.2,3.5,19.5,1.5,20.5,28.0,0.0,0.0,8.0,83.5
com_alibaba_fescar_common_util,v0.2.2,1.0,15.333333333333334,1.0,14.666666666666666,19.666666666666668,0.0,0.0,5.0,58.333333333333336
com_alibaba_fescar_core_context,v0.2.2,2.3333333333333335,5.0,1.0,4.0,1.0,0.5333333333333333,0.5333333333333333,0.6666666666666666,17.0
com_alibaba_fescar_core_model,v0.2.2,1.375,4.0,1.0,1.5,1.875,0.15,0.15,1.0,14.25
com_alibaba_fescar_core_protocol_transaction,v0.2.2,4.7368421052631575,8.421052631578947,3.6315789473684212,8.263157894736842,5.7894736842105265,0.3548486636842105,0.46618469157894743,0.2631578947368421,38.94736842105263
com_alibaba_fescar_core_rpc_netty,v0.2.2,9.68421052631579,26.526315789473685,2.0,24.31578947368421,106.36842105263158,0.2243425797368421,0.3083832185789474,1.631578947368421,114.78947368421052
com_alibaba_fescar_discovery_registry,v0.2.2,3.6666666666666665,17.333333333333332,1.0,13.333333333333334,22.666666666666668,0.17460318333333333,0.23809524333333332,5.333333333333333,69.33333333333333
com_alibaba_fescar_rm_datasource,v0.2.2,5.928571428571429,13.071428571428571,1.5178571428571428,13.178571428571429,49.982142857142854,0.14030476817214285,0.17988369674357144,0.9821428571428571,56.785714285714285
com_alibaba_fescar_rm_datasource_sql_druid,v0.2.2,11.2,10.4,1.8,8.2,3.8,0.61666668,0.61666668,0.0,59.6
com_alibaba_fescar_rm_datasource_sql_struct,v0.2.2,3.090909090909091,16.363636363636363,1.0,13.454545454545455,79.0,0.12148994909090907,0.23896332727272726,1.4545454545454546,68.9090909090909
com_alibaba_fescar_rm_datasource_undo_mysql,v0.2.2,5.666666666666667,8.333333333333334,2.0,12.333333333333334,4.0,0.0,0.0,0.0,36.333333333333336
com_alibaba_fescar_server,v0.2.2,6.517241379310345,15.551724137931034,1.1379310344827587,12.551724137931034,32.206896551724135,0.14052859758620692,0.2232289244827586,2.0689655172413794,69.86206896551724
com_alibaba_fescar_server_coordinator,v0.2.2,10.8,18.0,1.2,20.6,20.2,-0.10717948599999998,-0.071282046,0.2,84.8
com_alibaba_fescar_server_lock,v0.2.2,2.5,6.5,1.0,6.5,1.0,0.0,0.0,0.0,30.5
com_alibaba_fescar_server_session,v0.2.2,5.5,19.75,1.0833333333333333,13.333333333333334,58.833333333333336,0.12295937416666668,0.25667075333333333,1.25,71.91666666666667
com_alibaba_fescar_server_store,v0.2.2,4.666666666666667,13.166666666666666,1.0,9.5,5.333333333333333,0.3559523783333334,0.4583333333333333,1.8333333333333333,84.16666666666667
com_alibaba_fescar_spring_annotation,v0.2.2,6.5,14.75,1.25,14.0,8.25,0.53194445,0.75,0.0,63.5
com_alibaba_fescar_tm,v0.2.2,3.1818181818181817,6.2727272727272725,1.3636363636363635,2.727272727272727,6.181818181818182,-0.08131313090909091,-0.053030303636363636,0.2727272727272727,27.0
com_alibaba_fescar_tm_api,v0.2.2,2.0,6.666666666666667,1.4444444444444444,2.3333333333333335,4.444444444444445,0.011728395555555556,0.046296295555555554,0.2222222222222222,27.22222222222222
com_alibaba_fescar_discovery_registry,v0.3.0,5.571428571428571,18.428571428571427,1.4285714285714286,19.714285714285715,23.0,0.3428571485714285,0.45578232571428573,4.714285714285714,88.0
com_alibaba_fescar_common,v0.3.0,1.0769230769230769,10.0,2.0,7.6923076923076925,16.46153846153846,0.10123210238461539,0.11588411623076925,2.6923076923076925,41.07692307692308
com_alibaba_fescar_common_exception,v0.3.0,0.6,5.6,3.4,1.2,16.0,0.20606060620000002,0.20606060620000002,0.6,24.4
com_alibaba_fescar_common_loader,v0.3.0,3.5,19.5,1.5,20.5,28.0,0.0,0.0,8.0,83.5
com_alibaba_fescar_common_util,v0.3.0,1.0,16.333333333333332,1.0,15.0,23.0,0.0,0.0,5.0,60.0
com_alibaba_fescar_config,v0.3.0,3.272727272727273,13.090909090909092,1.2727272727272727,8.363636363636363,36.72727272727273,0.07089072781818181,0.12323232418181816,1.7272727272727273,55.36363636363637
com_alibaba_fescar_core_context,v0.3.0,2.3333333333333335,7.333333333333333,1.0,4.0,1.0,0.5833333333333334,0.5833333333333334,0.6666666666666666,22.333333333333332
com_alibaba_fescar_core_exception,v0.3.0,1.0,6.5,2.0,2.5,4.5,0.178571435,0.178571435,1.5,31.0
com_alibaba_fescar_core_model,v0.3.0,1.375,4.0,1.0,1.5,1.875,0.15,0.15,1.0,14.25
com_alibaba_fescar_core_protocol,v0.3.0,4.771428571428571,10.114285714285714,3.057142857142857,8.457142857142857,6.771428571428571,0.24622377914285712,0.33601969485714284,0.8571428571428571,44.542857142857144
com_alibaba_fescar_core_protocol_transaction,v0.3.0,4.7368421052631575,8.421052631578947,3.6315789473684212,8.263157894736842,5.7894736842105265,0.3548486636842105,0.4661846915789473,0.2631578947368421,38.94736842105263
com_alibaba_fescar_core_rpc,v0.3.0,7.827586206896552,23.655172413793103,1.6551724137931034,20.79310344827586,80.51724137931035,0.15164145431034484,0.24457648217241382,2.3448275862068964,97.37931034482759
com_alibaba_fescar_core_rpc_netty,v0.3.0,9.68421052631579,26.526315789473685,2.0,24.36842105263158,106.36842105263158,0.2243425797368421,0.3083832185789474,1.631578947368421,114.78947368421052
com_alibaba_fescar_core_service,v0.3.0,2.0,4.333333333333333,1.0,1.6666666666666667,3.3333333333333335,-0.3333333333333333,-0.3333333333333333,0.3333333333333333,16.666666666666668
com_alibaba_fescar_rm,v0.3.0,6.016393442622951,12.688524590163935,1.5245901639344261,12.885245901639344,46.967213114754095,0.14444476684655738,0.17889335701049178,0.9836065573770492,58.90163934426229
com_alibaba_fescar_rm_datasource,v0.3.0,5.813559322033898,12.966101694915254,1.4915254237288136,13.101694915254237,48.30508474576271,0.13239204707864405,0.1680083860616949,1.0,59.898305084745765
com_alibaba_fescar_rm_datasource_exec,v0.3.0,8.9,12.6,2.1,19.7,4.8,0.136363637,0.15090909,0.2,60.8
com_alibaba_fescar_rm_datasource_sql,v0.3.0,4.083333333333333,10.416666666666666,1.2916666666666667,7.958333333333333,37.5,0.14248845166666665,0.19633041666666665,0.7083333333333334,48.0
com_alibaba_fescar_rm_datasource_sql_druid,v0.3.0,11.2,10.4,1.8,8.2,3.8,0.61666668,0.61666668,0.0,59.6
com_alibaba_fescar_rm_datasource_sql_struct,v0.3.0,3.090909090909091,16.363636363636363,1.0,13.454545454545455,79.0,0.12148994909090907,0.23896332727272726,1.4545454545454546,68.9090909090909
com_alibaba_fescar_rm_datasource_undo,v0.3.0,4.3076923076923075,6.923076923076923,1.2307692307692308,8.307692307692308,5.6923076923076925,-0.01880341846153847,-0.01025640923076923,0.8461538461538461,47.92307692307692
com_alibaba_fescar_rm_datasource_undo_mysql,v0.3.0,4.6,7.2,1.6,9.4,3.8,0.0,0.0,0.2,77.0
com_alibaba_fescar_server,v0.3.0,6.517241379310345,15.551724137931034,1.1379310344827587,12.551724137931034,32.206896551724135,0.14052859758620692,0.2232289244827586,2.0689655172413794,69.86206896551724
com_alibaba_fescar_server_coordinator,v0.3.0,10.8,18.0,1.2,20.6,20.2,-0.10717948599999998,-0.071282046,0.2,84.8
com_alibaba_fescar_server_lock,v0.3.0,2.5,6.5,1.0,6.5,1.0,0.0,0.0,0.0,30.5
com_alibaba_fescar_server_session,v0.3.0,5.5,19.75,1.0833333333333333,13.333333333333334,58.833333333333336,0.12295937416666668,0.25667075333333333,1.25,71.91666666666667
com_alibaba_fescar_server_store,v0.3.0,4.666666666666667,13.166666666666666,1.0,9.5,5.333333333333333,0.3559523783333334,0.4583333333333333,1.8333333333333333,84.16666666666667
com_alibaba_fescar_spring_annotation,v0.3.0,7.5,15.75,1.25,14.0,10.5,0.28194445,0.5,0.0,72.25
com_alibaba_fescar_tm,v0.3.0,3.1818181818181817,6.2727272727272725,1.3636363636363635,2.727272727272727,6.181818181818182,-0.08131313090909091,-0.053030303636363636,0.2727272727272727,27.0
com_alibaba_fescar_tm_api,v0.3.0,2.0,6.666666666666667,1.4444444444444444,2.3333333333333335,4.444444444444445,0.011728395555555556,0.046296295555555554,0.2222222222222222,27.22222222222222
com_alibaba_fescar_common,v0.3.1,1.0769230769230769,10.0,2.0,7.6923076923076925,16.46153846153846,0.10123210238461539,0.11588411623076925,2.6923076923076925,41.07692307692308
com_alibaba_fescar_common_loader,v0.3.1,3.5,19.5,1.5,20.5,28.0,0.0,0.0,8.0,83.5
com_alibaba_fescar_common_util,v0.3.1,1.0,16.333333333333332,1.0,15.0,23.0,0.0,0.0,5.0,60.0
com_alibaba_fescar_core_context,v0.3.1,2.3333333333333335,7.333333333333333,1.0,4.0,1.0,0.5833333333333334,0.5833333333333334,0.6666666666666666,22.333333333333332
com_alibaba_fescar_core_exception,v0.3.1,1.0,6.5,2.0,2.5,4.5,0.178571435,0.178571435,1.5,31.0
com_alibaba_fescar_core_model,v0.3.1,1.375,4.0,1.0,1.5,1.875,0.15,0.15,1.0,14.25
com_alibaba_fescar_core_protocol_transaction,v0.3.1,4.7368421052631575,8.421052631578947,3.6315789473684212,8.263157894736842,5.7894736842105265,0.3548486636842105,0.4661846915789473,0.2631578947368421,38.94736842105263
com_alibaba_fescar_core_rpc_netty,v0.3.1,9.736842105263158,26.526315789473685,2.0,24.36842105263158,106.36842105263158,0.2243425797368421,0.3083832185789474,1.631578947368421,114.78947368421052
com_alibaba_fescar_discovery_registry,v0.3.1,5.625,19.875,1.375,21.25,27.875,0.325000005,0.42380953499999996,4.25,94.375
com_alibaba_fescar_rm_datasource,v0.3.1,5.733333333333333,12.933333333333334,1.4833333333333334,13.033333333333333,47.93333333333333,0.14685217962733332,0.18187491296066666,1.0666666666666667,59.766666666666666
com_alibaba_fescar_rm_datasource_sql_druid,v0.3.1,11.2,10.4,1.8,8.2,3.8,0.61666668,0.61666668,0.0,59.6
com_alibaba_fescar_rm_datasource_sql_struct,v0.3.1,3.090909090909091,16.363636363636363,1.0,13.454545454545455,79.0,0.12148994909090907,0.23896332727272726,1.4545454545454546,68.9090909090909
com_alibaba_fescar_rm_datasource_undo_mysql,v0.3.1,4.6,7.2,1.6,9.4,3.8,0.0,0.0,0.2,77.0
com_alibaba_fescar_server,v0.3.1,6.517241379310345,15.551724137931034,1.1379310344827587,12.551724137931034,32.206896551724135,0.14052859758620692,0.2232289244827586,2.0689655172413794,69.86206896551724
com_alibaba_fescar_server_coordinator,v0.3.1,10.8,18.0,1.2,20.6,20.2,-0.10717948599999998,-0.071282046,0.2,84.8
com_alibaba_fescar_server_lock,v0.3.1,2.5,6.5,1.0,6.5,1.0,0.0,0.0,0.0,30.5
com_alibaba_fescar_server_session,v0.3.1,5.5,19.75,1.0833333333333333,13.333333333333334,58.833333333333336,0.12295937416666668,0.25667075333333333,1.25,71.91666666666667
com_alibaba_fescar_server_store,v0.3.1,4.666666666666667,13.166666666666666,1.0,9.5,5.333333333333333,0.3559523783333334,0.4583333333333333,1.8333333333333333,84.16666666666667
com_alibaba_fescar_spring_annotation,v0.3.1,7.5,15.75,1.25,14.0,10.5,0.28194445,0.5,0.0,72.25
com_alibaba_fescar_tm,v0.3.1,2.642857142857143,6.428571428571429,1.2857142857142858,2.642857142857143,7.857142857142857,0.0075396828571428565,0.029761904285714284,0.35714285714285715,24.642857142857142
com_alibaba_fescar_tm_api,v0.3.1,1.6666666666666667,6.75,1.3333333333333333,2.3333333333333335,6.833333333333333,0.09212963,0.11805555499999999,0.3333333333333333,24.416666666666668
com_alibaba_fescar_tm_api_transaction,v0.3.1,0.6666666666666666,7.0,1.0,2.3333333333333335,14.0,0.3333333333333333,0.3333333333333333,0.6666666666666666,16.0
com_alibaba_fescar_core_service,v0.4.0,2.0,4.333333333333333,1.0,1.6666666666666667,3.3333333333333335,-0.3333333333333333,-0.3333333333333333,0.3333333333333333,16.666666666666668
com_alibaba_fescar_common,v0.4.0,1.2,11.466666666666667,1.8666666666666667,8.466666666666667,17.066666666666666,0.10678210873333334,0.11948052073333335,3.066666666666667,45.46666666666667
com_alibaba_fescar_common_exception,v0.4.0,0.6,5.6,3.4,1.2,16.0,0.20606060620000002,0.20606060620000002,0.6,24.4
com_alibaba_fescar_common_loader,v0.4.0,4.0,22.5,1.5,23.0,38.5,0.0,0.0,9.5,95.0
com_alibaba_fescar_common_util,v0.4.0,1.0,17.0,1.0,13.4,18.0,0.05714286,0.05714286,4.4,58.6
com_alibaba_fescar_config,v0.4.0,3.6666666666666665,13.333333333333334,1.3333333333333333,8.666666666666666,35.666666666666664,0.07887205633333333,0.126851853,1.5833333333333333,59.5
com_alibaba_fescar_core_context,v0.4.0,2.3333333333333335,7.333333333333333,1.0,4.0,1.0,0.5833333333333334,0.5833333333333334,0.6666666666666666,22.333333333333332
com_alibaba_fescar_core_exception,v0.4.0,1.0,6.5,2.0,2.5,4.5,0.178571435,0.178571435,1.5,31.0
com_alibaba_fescar_core_model,v0.4.0,1.75,4.25,1.0,1.5,2.5,0.15,0.15,1.0,14.625
com_alibaba_fescar_core_protocol,v0.4.0,4.8,10.371428571428572,3.057142857142857,8.514285714285714,7.9714285714285715,0.2431904117142857,0.33793199885714287,0.8571428571428571,45.68571428571428
com_alibaba_fescar_core_protocol_transaction,v0.4.0,4.7894736842105265,8.894736842105264,3.6315789473684212,8.368421052631579,8.0,0.34926088157894736,0.4697073568421053,0.2631578947368421,41.05263157894737
com_alibaba_fescar_core_rpc,v0.4.0,7.862068965517241,23.655172413793103,1.6551724137931034,20.79310344827586,80.51724137931035,0.15164145431034484,0.24457648217241382,2.3448275862068964,97.37931034482759
com_alibaba_fescar_core_rpc_netty,v0.4.0,9.736842105263158,26.526315789473685,2.0,24.36842105263158,106.36842105263158,0.2243425797368421,0.3083832185789474,1.631578947368421,114.78947368421052
com_alibaba_fescar_discovery_registry,v0.4.0,5.625,19.875,1.375,21.25,27.875,0.325000005,0.42380953499999996,4.25,94.375
com_alibaba_fescar_rm,v0.4.0,5.774193548387097,12.612903225806452,1.5161290322580645,12.629032258064516,46.935483870967744,0.1418452105748387,0.1757381783167742,0.9354838709677419,58.193548387096776
com_alibaba_fescar_rm_datasource,v0.4.0,5.7,12.883333333333333,1.5,12.966666666666667,48.233333333333334,0.14657338426066666,0.18159611759400002,0.9666666666666667,59.416666666666664
com_alibaba_fescar_rm_datasource_exec,v0.4.0,8.9,12.6,2.1,19.7,4.8,0.136363637,0.15090909,0.2,60.6
com_alibaba_fescar_rm_datasource_sql,v0.4.0,4.083333333333333,10.416666666666666,1.2916666666666667,7.958333333333333,37.5,0.14248845166666665,0.19633041666666665,0.7083333333333334,48.0
com_alibaba_fescar_rm_datasource_sql_druid,v0.4.0,11.2,10.4,1.8,8.2,3.8,0.61666668,0.61666668,0.0,59.6
com_alibaba_fescar_rm_datasource_sql_struct,v0.4.0,3.090909090909091,16.363636363636363,1.0,13.454545454545455,79.0,0.12148994909090907,0.23896332727272726,1.4545454545454546,68.9090909090909
com_alibaba_fescar_rm_datasource_undo,v0.4.0,4.071428571428571,7.214285714285714,1.2142857142857142,8.285714285714286,7.142857142857143,0.05396825428571429,0.06190476285714286,1.1428571428571428,48.357142857142854
com_alibaba_fescar_rm_datasource_undo_mysql,v0.4.0,4.6,7.2,1.6,9.4,3.8,0.0,0.0,0.2,77.0
com_alibaba_fescar_rm_tcc_interceptor,v0.4.0,5.5,15.5,1.0,28.0,4.5,0.05,0.05,4.5,79.0
com_alibaba_fescar_rm_tcc_remoting,v0.4.0,2.625,9.5,1.375,8.625,14.875,-0.20219017125,-0.20219017125,0.0,37.125
com_alibaba_fescar_server,v0.4.0,6.586206896551724,15.689655172413794,1.1379310344827587,12.758620689655173,32.41379310344828,0.14052859758620692,0.2232289244827586,2.103448275862069,70.17241379310344
com_alibaba_fescar_server_coordinator,v0.4.0,11.0,18.0,1.2,21.0,20.2,-0.10717948599999998,-0.071282046,0.2,85.2
com_alibaba_fescar_server_lock,v0.4.0,2.5,6.5,1.0,6.5,1.0,0.0,0.0,0.0,30.5
com_alibaba_fescar_server_session,v0.4.0,5.583333333333333,19.916666666666668,1.0833333333333333,13.5,59.333333333333336,0.12295937416666668,0.25667075333333333,1.3333333333333333,72.25
com_alibaba_fescar_server_store,v0.4.0,4.666666666666667,13.5,1.0,9.833333333333334,5.333333333333333,0.3559523783333334,0.4583333333333333,1.8333333333333333,84.66666666666667
com_alibaba_fescar_spring_annotation,v0.4.0,8.25,14.25,1.25,13.5,6.5,0.26111111249999996,0.5,0.0,67.75
com_alibaba_fescar_spring_util,v0.4.0,3.5,19.0,1.0,16.0,10.0,0.0,0.0,6.0,74.0
com_alibaba_fescar_tm,v0.4.0,2.642857142857143,6.428571428571429,1.2857142857142858,2.642857142857143,7.857142857142857,0.0075396828571428565,0.029761904285714284,0.35714285714285715,24.642857142857142
com_alibaba_fescar_tm_api,v0.4.0,1.6666666666666667,6.75,1.3333333333333333,2.3333333333333335,6.833333333333333,0.09212963,0.11805555499999999,0.3333333333333333,24.416666666666668
com_alibaba_fescar_rm_datasource_sql_druid,v0.4.1,11.2,10.4,1.8,8.2,3.8,0.61666668,0.61666668,0.0,59.6
com_alibaba_fescar_common,v0.4.1,1.2,11.466666666666667,1.8666666666666667,8.466666666666667,17.066666666666666,0.10678210873333334,0.11948052073333335,3.066666666666667,45.46666666666667
com_alibaba_fescar_common_loader,v0.4.1,4.0,22.5,1.5,23.0,38.5,0.0,0.0,9.5,95.0
com_alibaba_fescar_common_util,v0.4.1,1.0,17.0,1.0,13.4,18.0,0.05714286,0.05714286,4.4,58.6
com_alibaba_fescar_core_context,v0.4.1,2.3333333333333335,7.333333333333333,1.0,4.0,1.0,0.5833333333333334,0.5833333333333334,0.6666666666666666,22.333333333333332
com_alibaba_fescar_core_exception,v0.4.1,1.0,6.5,2.0,2.5,4.5,0.178571435,0.178571435,1.5,31.0
com_alibaba_fescar_core_model,v0.4.1,1.75,4.25,1.0,1.5,2.5,0.15,0.15,1.0,14.625
com_alibaba_fescar_core_protocol_transaction,v0.4.1,4.7894736842105265,8.894736842105264,3.6315789473684212,8.368421052631579,8.0,0.34926088157894736,0.4697073568421053,0.2631578947368421,41.05263157894737
com_alibaba_fescar_core_rpc_netty,v0.4.1,9.631578947368421,26.31578947368421,2.0,24.789473684210527,108.78947368421052,0.2259472627894737,0.30792497689473686,1.6842105263157894,113.78947368421052
com_alibaba_fescar_discovery_registry,v0.4.1,5.75,19.875,1.375,21.5,30.125,0.30833334,0.3738095325,4.25,95.125
com_alibaba_fescar_rm,v0.4.1,8.0,8.0,1.5,9.833333333333334,22.333333333333332,-0.3138528131666667,-0.3138528131666667,0.0,35.0
com_alibaba_fescar_rm_datasource,v0.4.1,5.8474576271186445,13.152542372881356,1.5084745762711864,13.338983050847459,49.25423728813559,0.1547073965362712,0.19032373551932202,1.0338983050847457,58.49152542372882
com_alibaba_fescar_rm_datasource_sql_struct,v0.4.1,3.090909090909091,16.363636363636363,1.0,13.454545454545455,79.0,0.12148994909090907,0.23896332727272726,1.4545454545454546,68.9090909090909
com_alibaba_fescar_rm_datasource_undo_mysql,v0.4.1,5.75,8.5,1.75,12.75,4.0,0.083333335,0.083333335,0.75,65.0
com_alibaba_fescar_rm_tcc_interceptor,v0.4.1,5.5,15.5,1.0,28.0,4.5,0.05,0.05,4.5,79.0
com_alibaba_fescar_rm_tcc_remoting,v0.4.1,2.625,9.5,1.375,8.625,14.875,-0.20219017125,-0.20219017125,0.0,37.125
com_alibaba_fescar_server,v0.4.1,6.586206896551724,15.689655172413794,1.1379310344827587,12.758620689655173,32.41379310344828,0.14052859758620692,0.2232289244827586,2.103448275862069,70.17241379310344
com_alibaba_fescar_server_coordinator,v0.4.1,11.0,18.0,1.2,21.0,20.2,-0.10717948599999998,-0.071282046,0.2,85.2
com_alibaba_fescar_server_lock,v0.4.1,2.5,6.5,1.0,6.5,1.0,0.0,0.0,0.0,30.5
com_alibaba_fescar_server_session,v0.4.1,5.583333333333333,19.916666666666668,1.0833333333333333,13.5,59.333333333333336,0.12295937416666668,0.25667075333333333,1.3333333333333333,72.25
com_alibaba_fescar_server_store,v0.4.1,4.666666666666667,13.5,1.0,9.833333333333334,5.333333333333333,0.3559523783333334,0.4583333333333333,1.8333333333333333,84.66666666666667
com_alibaba_fescar_spring_annotation,v0.4.1,8.25,14.0,1.25,15.25,6.5,0.26111111249999996,0.5,0.5,65.5
com_alibaba_fescar_spring_util,v0.4.1,4.5,21.0,1.0,17.0,12.5,0.0,0.0,6.5,80.5
com_alibaba_fescar_tm,v0.4.1,2.642857142857143,6.428571428571429,1.2857142857142858,2.642857142857143,7.857142857142857,0.0075396828571428565,0.029761904285714284,0.35714285714285715,24.642857142857142
com_alibaba_fescar_tm_api,v0.4.1,1.6666666666666667,6.75,1.3333333333333333,2.3333333333333335,6.833333333333333,0.09212963,0.11805555499999999,0.3333333333333333,24.416666666666668
com_alibaba_fescar_tm_api_transaction,v0.4.1,0.6666666666666666,7.0,1.0,2.3333333333333335,14.0,0.3333333333333333,0.3333333333333333,0.6666666666666666,16.0
com_alibaba_fescar_rm_datasource_sql_druid,v0.4.2,11.2,10.4,1.8,8.2,3.8,0.61666668,0.61666668,0.0,59.6
com_alibaba_fescar_common,v0.4.2,1.1875,11.25,1.8125,8.5625,16.1875,0.1001082269375,0.11201298818750001,2.875,45.75
com_alibaba_fescar_common_loader,v0.4.2,4.0,22.5,1.5,23.0,38.5,0.0,0.0,9.5,95.0
com_alibaba_fescar_common_util,v0.4.2,1.0,15.5,1.0,12.833333333333334,15.5,0.047619049999999996,0.047619049999999996,3.6666666666666665,57.166666666666664
com_alibaba_fescar_core_context,v0.4.2,2.3333333333333335,7.333333333333333,1.0,4.0,1.0,0.5833333333333334,0.5833333333333334,0.6666666666666666,22.333333333333332
com_alibaba_fescar_core_model,v0.4.2,1.75,4.25,1.0,1.5,2.5,0.15,0.15,1.0,14.5
com_alibaba_fescar_core_protocol_transaction,v0.4.2,4.7894736842105265,8.894736842105264,3.6315789473684212,8.368421052631579,8.0,0.3492608815789473,0.4697073568421053,0.2631578947368421,41.05263157894737
com_alibaba_fescar_core_rpc_netty,v0.4.2,8.681818181818182,23.545454545454547,1.9090909090909092,22.272727272727273,94.95454545454545,0.28460459604545457,0.3703048645909091,1.5454545454545454,102.9090909090909
com_alibaba_fescar_discovery_registry,v0.4.2,6.090909090909091,19.181818181818183,1.2727272727272727,22.454545454545453,39.54545454545455,0.3300865827272727,0.4383116909090909,2.1818181818181817,92.27272727272727
com_alibaba_fescar_rm,v0.4.2,8.0,8.166666666666666,1.5,9.833333333333334,23.5,-0.30860805766666666,-0.30860805766666666,0.0,35.5
com_alibaba_fescar_rm_datasource,v0.4.2,5.807017543859649,12.929824561403509,1.5263157894736843,12.421052631578947,50.01754385964912,0.1782837906778947,0.21513801102877195,1.0,57.07017543859649
com_alibaba_fescar_rm_datasource_sql_struct,v0.4.2,2.4,14.2,1.0,6.3,85.4,0.13363894399999998,0.26285966,1.1,55.5
com_alibaba_fescar_rm_datasource_undo_mysql,v0.4.2,5.75,8.5,1.75,12.75,4.0,0.083333335,0.083333335,0.75,65.0
com_alibaba_fescar_rm_tcc_interceptor,v0.4.2,5.5,15.5,1.0,28.0,4.5,0.05,0.05,4.5,79.0
com_alibaba_fescar_rm_tcc_remoting,v0.4.2,2.625,9.5,1.375,8.625,14.875,-0.20219017125,-0.20219017125,0.0,37.125
com_alibaba_fescar_server,v0.4.2,6.533333333333333,15.9,1.1333333333333333,12.933333333333334,33.3,0.16917764433333332,0.24912129366666666,2.1666666666666665,70.0
com_alibaba_fescar_server_coordinator,v0.4.2,11.0,17.4,1.2,21.0,20.2,-0.10717948599999998,-0.071282046,0.2,82.6
com_alibaba_fescar_server_lock,v0.4.2,2.5,6.5,1.0,6.5,1.0,0.0,0.0,0.0,30.5
com_alibaba_fescar_server_session,v0.4.2,5.666666666666667,21.75,1.0833333333333333,14.75,64.25,0.12295937416666668,0.25667075333333333,1.5,76.25
com_alibaba_fescar_server_store,v0.4.2,4.285714285714286,12.0,1.0,8.857142857142858,4.571428571428571,0.44795918142857144,0.5357142857142857,1.7142857142857142,76.85714285714286
com_alibaba_fescar_spring_annotation,v0.4.2,8.75,16.25,1.25,17.0,11.75,0.24090909249999998,0.45454545,0.5,70.5
com_alibaba_fescar_spring_util,v0.4.2,4.5,23.5,1.0,17.5,19.0,0.0,0.0,7.5,91.0
com_alibaba_fescar_tm,v0.4.2,2.642857142857143,6.428571428571429,1.2857142857142858,2.642857142857143,7.857142857142857,0.0075396828571428565,0.029761904285714284,0.35714285714285715,24.642857142857142
com_alibaba_fescar_tm_api,v0.4.2,1.6666666666666667,6.75,1.3333333333333333,2.3333333333333335,6.833333333333333,0.09212963,0.11805555499999999,0.3333333333333333,24.416666666666668
com_alibaba_fescar_tm_api_transaction,v0.4.2,0.6666666666666666,7.0,1.0,2.3333333333333335,14.0,0.3333333333333333,0.3333333333333333,0.6666666666666666,16.0
org_springframework_beans_factory_access,v4.3.28.RELEASE,4.714285714285714,7.285714285714286,1.5714285714285714,5.142857142857143,4.0,0.13605442857142855,0.2108843542857143,0.14285714285714285,36.714285714285715
org_springframework_beans_factory_groovy,v4.3.28.RELEASE,10.4,33.6,2.2,26.8,51.2,0.6204716920000001,0.765323564,0.4,152.8
org_springframework_cache_guava,v4.3.28.RELEASE,5.333333333333333,14.666666666666666,1.3333333333333333,10.666666666666666,27.666666666666668,0.35042735066666664,0.35042735066666664,0.6666666666666666,59.333333333333336
org_springframework_jca_work_jboss,v4.3.28.RELEASE,2.5,2.5,1.5,6.5,1.0,0.0,0.0,2.5,15.5
org_springframework_jdbc_support_nativejdbc,v4.3.28.RELEASE,1.4444444444444444,9.88888888888889,1.7777777777777777,4.333333333333333,19.77777777777778,0.08641975333333334,0.10864197555555556,0.4444444444444444,35.333333333333336
org_springframework_orm_hibernate3,v4.3.28.RELEASE,9.945945945945946,25.62162162162162,1.6756756756756757,16.54054054054054,232.24324324324326,0.16875496722162162,0.21602942565405406,2.2162162162162162,97.83783783783784
org_springframework_orm_hibernate4,v4.3.28.RELEASE,10.08,23.6,1.6,15.64,240.12,0.17590615576,0.23224285736000003,0.92,95.08
org_springframework_orm_jdo,v4.3.28.RELEASE,7.833333333333333,13.11111111111111,1.5,9.666666666666666,28.055555555555557,0.15285324205555556,0.19910649372222222,1.0,57.27777777777778
org_springframework_orm_jdo_support,v4.3.28.RELEASE,7.0,9.75,1.25,9.75,20.5,0.19675325,0.2043290075,0.25,49.25
org_springframework_ui_velocity,v4.3.28.RELEASE,5.75,12.25,1.5,11.75,19.75,0.1190476225,0.16575092,0.75,49.5
org_springframework_web_portlet_handler,v4.3.28.RELEASE,6.111111111111111,12.277777777777779,1.9444444444444444,7.722222222222222,20.444444444444443,0.34009571,0.3893137758333333,0.7222222222222222,42.833333333333336
org_springframework_web_servlet_view_jasperreports,v4.3.28.RELEASE,5.3,14.5,3.4,12.2,45.9,0.0899178988,0.161880132,0.2,54.1
org_springframework_beans_factory_access,v4.3.29.RELEASE,4.714285714285714,7.285714285714286,1.5714285714285714,5.142857142857143,4.0,0.13605442857142855,0.2108843542857143,0.14285714285714285,36.714285714285715
org_springframework_beans_factory_groovy,v4.3.29.RELEASE,10.4,33.6,2.2,26.8,51.2,0.6204716920000001,0.765323564,0.4,152.8
org_springframework_cache_guava,v4.3.29.RELEASE,5.333333333333333,14.666666666666666,1.3333333333333333,10.666666666666666,27.666666666666668,0.35042735066666664,0.35042735066666664,0.6666666666666666,59.333333333333336
org_springframework_jca_work_jboss,v4.3.29.RELEASE,2.5,2.5,1.5,6.5,1.0,0.0,0.0,2.5,15.5
org_springframework_jdbc_support_nativejdbc,v4.3.29.RELEASE,1.4444444444444444,9.88888888888889,1.7777777777777777,4.333333333333333,19.77777777777778,0.08641975333333334,0.10864197555555556,0.4444444444444444,35.333333333333336
org_springframework_orm_hibernate3,v4.3.29.RELEASE,9.945945945945946,25.62162162162162,1.6756756756756757,16.54054054054054,232.24324324324326,0.16875496722162162,0.21602942565405406,2.2162162162162162,97.83783783783784
org_springframework_orm_hibernate4,v4.3.29.RELEASE,10.08,23.6,1.6,15.64,240.12,0.17590615576,0.23224285736000003,0.92,95.08
org_springframework_orm_jdo,v4.3.29.RELEASE,7.833333333333333,13.11111111111111,1.5,9.666666666666666,28.055555555555557,0.15285324205555556,0.19910649372222222,1.0,57.27777777777778
org_springframework_orm_jdo_support,v4.3.29.RELEASE,7.0,9.75,1.25,9.75,20.5,0.19675325,0.2043290075,0.25,49.25
org_springframework_ui_velocity,v4.3.29.RELEASE,5.75,12.25,1.5,11.75,19.75,0.1190476225,0.16575092,0.75,49.5
org_springframework_web_portlet_handler,v4.3.29.RELEASE,6.111111111111111,12.277777777777779,1.9444444444444444,7.722222222222222,20.444444444444443,0.34009571,0.3893137758333333,0.7222222222222222,42.833333333333336
org_springframework_web_servlet_view_jasperreports,v4.3.29.RELEASE,5.3,14.5,3.4,12.2,45.9,0.0899178988,0.161880132,0.2,54.1
org_springframework_beans_factory_access,v4.3.30.RELEASE,4.714285714285714,7.285714285714286,1.5714285714285714,5.142857142857143,4.0,0.13605442857142855,0.2108843542857143,0.14285714285714285,36.714285714285715
org_springframework_beans_factory_groovy,v4.3.30.RELEASE,10.4,33.6,2.2,26.8,51.2,0.6204716920000001,0.765323564,0.4,152.8
org_springframework_cache_guava,v4.3.30.RELEASE,5.333333333333333,14.666666666666666,1.3333333333333333,10.666666666666666,27.666666666666668,0.35042735066666664,0.35042735066666664,0.6666666666666666,59.333333333333336
org_springframework_jca_work_jboss,v4.3.30.RELEASE,2.5,2.5,1.5,6.5,1.0,0.0,0.0,2.5,15.5
org_springframework_jdbc_support_nativejdbc,v4.3.30.RELEASE,1.4444444444444444,9.88888888888889,1.7777777777777777,4.333333333333333,19.77777777777778,0.08641975333333334,0.10864197555555556,0.4444444444444444,35.333333333333336
org_springframework_orm_hibernate4,v4.3.30.RELEASE,10.08,23.6,1.6,15.64,240.12,0.17590615576,0.23224285736000003,0.92,95.08
org_springframework_orm_jdo,v4.3.30.RELEASE,7.833333333333333,13.11111111111111,1.5,9.666666666666666,28.055555555555557,0.15285324205555556,0.19910649372222222,1.0,57.27777777777778
org_springframework_ui_velocity,v4.3.30.RELEASE,5.75,12.25,1.5,11.75,19.75,0.1190476225,0.16575092,0.75,49.5
org_springframework_web_portlet_handler,v4.3.30.RELEASE,6.111111111111111,12.277777777777779,1.9444444444444444,7.722222222222222,20.444444444444443,0.34009571,0.3893137758333333,0.7222222222222222,42.833333333333336
org_springframework_web_servlet_view_jasperreports,v4.3.30.RELEASE,5.3,14.5,3.4,12.2,45.9,0.0899178988,0.161880132,0.2,54.1
org_springframework_context_index,v5.0.18.RELEASE,2.888888888888889,10.777777777777779,1.0,13.555555555555555,11.444444444444445,0.36190476777777775,0.42804233,1.3333333333333333,39.0
org_springframework_web_reactive_function_client_support,v5.0.18.RELEASE,8.5,10.0,1.0,7.0,0.0,1.0,1.0,0.0,42.5
org_springframework_web_reactive_socket,v5.0.18.RELEASE,9.375,9.3,1.75,10.675,15.125,0.30664142199999994,0.39369408525000005,0.25,42.7
org_springframework_context_index,v5.0.19.RELEASE,2.888888888888889,10.777777777777779,1.0,13.555555555555555,11.444444444444445,0.36190476777777775,0.42804233,1.3333333333333333,39.0
org_springframework_web_reactive_function_client_support,v5.0.19.RELEASE,8.5,10.0,1.0,7.0,0.0,1.0,1.0,0.0,42.5
org_springframework_web_reactive_socket,v5.0.19.RELEASE,9.375,9.3,1.75,10.675,15.125,0.30664142199999994,0.39369408525000005,0.25,42.7
org_springframework_context_index,v5.0.20.RELEASE,2.888888888888889,10.777777777777779,1.0,13.555555555555555,11.444444444444445,0.36190476777777775,0.42804233,1.3333333333333333,39.0
org_springframework_web_reactive_function_client_support,v5.0.20.RELEASE,8.5,10.0,1.0,7.0,0.0,1.0,1.0,0.0,42.5
org_springframework_web_reactive_socket,v5.1.16.RELEASE,9.682926829268293,10.024390243902438,1.6097560975609757,11.829268292682928,17.0,0.29587716414634146,0.3868720717073171,0.5609756097560976,45.41463414634146
org_springframework_web_reactive_socket,v5.1.17.RELEASE,9.682926829268293,10.024390243902438,1.6097560975609757,11.829268292682928,17.0,0.29587716414634146,0.3868720717073171,0.5609756097560976,45.41463414634146
org_springframework_web_reactive_socket,v5.1.18.RELEASE,9.682926829268293,10.024390243902438,1.6097560975609757,11.829268292682928,17.0,0.29587716414634146,0.3868720717073171,0.5609756097560976,45.41463414634146
org_springframework_web_reactive_socket,v5.1.19.RELEASE,9.682926829268293,10.024390243902438,1.6097560975609757,11.829268292682928,17.0,0.29587716414634146,0.3868720717073171,0.5609756097560976,45.41463414634146
org_springframework_web_reactive_socket,v5.2.10.RELEASE,9.731707317073171,10.292682926829269,1.6097560975609757,12.512195121951219,18.24390243902439,0.2792104982926829,0.37765797902439024,0.5365853658536586,46.5609756097561
org_springframework_web_reactive_socket,v5.2.11.RELEASE,9.731707317073171,10.292682926829269,1.6097560975609757,12.512195121951219,18.24390243902439,0.2792104982926829,0.37765797902439024,0.5365853658536586,46.5609756097561
org_springframework_web_reactive_socket,v5.2.12.RELEASE,9.731707317073171,10.292682926829269,1.6097560975609757,12.512195121951219,18.24390243902439,0.2792104982926829,0.37765797902439024,0.5365853658536586,46.5609756097561
org_springframework_web_reactive_socket,v5.2.13.RELEASE,9.731707317073171,10.292682926829269,1.6097560975609757,12.512195121951219,18.24390243902439,0.2792104982926829,0.37765797902439024,0.5365853658536586,46.5609756097561
org_springframework_web_reactive_socket,v5.2.14.RELEASE,9.731707317073171,10.292682926829269,1.6097560975609757,12.512195121951219,18.24390243902439,0.2792104982926829,0.37765797902439024,0.5365853658536586,46.5609756097561
org_springframework_aop_testfixture_interceptor,v5.2.7.RELEASE,2.0,4.666666666666667,1.6666666666666667,1.0,1.3333333333333333,0.6,0.6,0.0,16.0
org_springframework_beans_testfixture_factory_xml,v5.2.7.RELEASE,11.0,26.5,2.0,19.0,137.0,0.0,0.0,0.0,97.0
org_springframework_contextsupport_testfixture_jcache,v5.2.7.RELEASE,5.0,30.0,1.0,30.5,105.0,0.43655915000000006,0.43655915000000006,0.0,146.5
org_springframework_context_testfixture_beans,v5.2.7.RELEASE,2.6666666666666665,5.0,1.0,1.3333333333333333,0.6666666666666666,0.7999999999999999,0.8666666666666667,0.3333333333333333,18.666666666666668
org_springframework_context_testfixture_cache_beans,v5.2.7.RELEASE,3.75,27.25,1.0,3.25,299.25,0.3582887675,0.3582887675,0.5,68.0
org_springframework_context_testfixture_jndi,v5.2.7.RELEASE,3.75,20.25,1.75,14.75,105.25,0.34039938999999997,0.41938844125,0.5,84.25
org_springframework_core_testfixture_codec,v5.2.7.RELEASE,7.75,8.0,4.5,14.75,36.75,-0.4465709725,-0.4465709725,0.0,36.5
org_springframework_core_testfixture_io_buffer,v5.2.7.RELEASE,10.0,14.666666666666666,1.3333333333333333,23.666666666666668,22.333333333333332,0.22619047333333334,0.24206349000000002,7.0,59.0
org_springframework_messaging_rsocket_annotation_support,v5.2.7.RELEASE,15.4,21.2,1.6,32.0,43.2,0.108225108,0.123809528,1.2,86.2
org_springframework_web_servlet_function_support,v5.2.7.RELEASE,9.333333333333334,8.666666666666666,1.3333333333333333,8.666666666666666,5.333333333333333,0.50952381,0.5452380900000001,0.3333333333333333,35.666666666666664
org_springframework_aop_testfixture_advice,v5.3.0,1.5,5.5,1.5,3.5,7.0,0.06666667,0.1,0.0,17.0
org_springframework_context_index_processor,v5.3.0,2.8,11.6,1.3,14.6,10.9,0.367380957,0.4269047629999999,1.9,40.8
org_springframework_r2dbc,v5.3.0,5.52112676056338,9.43661971830986,1.295774647887324,8.845070422535212,12.140845070422536,0.3142646459859155,0.3746350964788733,1.267605633802817,45.929577464788736
org_springframework_aop_testfixture_advice,v5.3.0-M1,1.5,5.5,1.5,3.5,7.0,0.06666667,0.1,0.0,17.0
org_springframework_context_index_processor,v5.3.0-M1,2.8,11.7,1.3,14.7,10.9,0.367380957,0.4269047629999999,1.9,40.8
org_springframework_r2dbc,v5.3.0-M1,5.569444444444445,9.458333333333334,1.2916666666666667,8.875,12.472222222222221,0.29528345729166666,0.3548154293055556,1.3055555555555556,45.958333333333336
org_springframework_aop_testfixture_advice,v5.3.0-M2,1.5,5.5,1.5,3.5,7.0,0.06666667,0.1,0.0,17.0
org_springframework_context_index_processor,v5.3.0-M2,2.8,11.6,1.3,14.6,10.9,0.367380957,0.4269047629999999,1.9,40.8
org_springframework_r2dbc,v5.3.0-M2,5.569444444444445,9.48611111111111,1.2916666666666667,8.875,12.625,0.2962093832638889,0.3557413552777777,1.3055555555555556,46.013888888888886
org_springframework_aop_testfixture_advice,v5.3.0-RC1,1.5,5.5,1.5,3.5,7.0,0.06666667,0.1,0.0,17.0
org_springframework_context_index_processor,v5.3.0-RC1,2.8,11.6,1.3,14.6,10.9,0.367380957,0.4269047629999999,1.9,40.8
org_springframework_r2dbc,v5.3.0-RC1,5.555555555555555,9.472222222222221,1.2916666666666667,8.88888888888889,12.5,0.30732049437500003,0.3668524663888889,1.3055555555555556,45.97222222222222
org_springframework_aop_testfixture_advice,v5.3.0-RC2,1.5,5.5,1.5,3.5,7.0,0.06666667,0.1,0.0,17.0
org_springframework_context_index_processor,v5.3.0-RC2,2.8,11.6,1.3,14.6,10.9,0.367380957,0.4269047629999999,1.9,40.8
org_springframework_r2dbc,v5.3.0-RC2,5.555555555555555,9.472222222222221,1.2916666666666667,8.88888888888889,12.5,0.30732049437500003,0.3668524663888889,1.3055555555555556,45.97222222222222
org_springframework_aop_testfixture_advice,v5.3.1,1.5,5.5,1.5,3.5,7.0,0.06666667,0.1,0.0,17.0
org_springframework_context_index_processor,v5.3.1,2.8,11.6,1.3,14.6,10.9,0.367380957,0.4269047629999999,1.9,40.8
org_springframework_r2dbc,v5.3.1,5.52112676056338,9.43661971830986,1.295774647887324,8.845070422535212,12.140845070422536,0.3142646459859155,0.3746350964788733,1.267605633802817,45.929577464788736
org_springframework_aop_testfixture_advice,v5.3.2,1.5,5.5,1.5,3.5,7.0,0.06666667,0.1,0.0,17.0
org_springframework_context_index_processor,v5.3.2,2.8,11.6,1.3,14.6,10.9,0.367380957,0.4269047629999999,1.9,40.8
org_springframework_r2dbc,v5.3.2,5.52112676056338,9.43661971830986,1.295774647887324,8.845070422535212,12.140845070422536,0.3142646459859155,0.3746350964788733,1.267605633802817,45.929577464788736
org_springframework_aop_testfixture_advice,v5.3.3,1.5,5.5,1.5,3.5,7.0,0.06666667,0.1,0.0,17.0
org_springframework_context_index_processor,v5.3.3,2.8,11.6,1.3,14.6,10.9,0.367380957,0.4269047629999999,1.9,40.8
org_springframework_r2dbc,v5.3.3,5.52112676056338,9.43661971830986,1.295774647887324,8.845070422535212,12.140845070422536,0.3142646459859155,0.3746350964788733,1.267605633802817,45.929577464788736
org_springframework_context_index_processor,v5.3.4,2.8,11.6,1.3,14.6,10.9,0.367380957,0.4269047629999999,1.9,40.8
org_springframework_r2dbc,v5.3.4,5.52112676056338,9.43661971830986,1.295774647887324,8.845070422535212,12.140845070422536,0.3142646459859155,0.3746350964788733,1.267605633802817,45.929577464788736
